CLASSES,train_class_weights
void,0.04731171782706928
flat,0.012540795869137809
construction,0.022235159786185114
object,0.2754032980979569
nature,0.03222497481659131
sky,0.13717381508261503
human,0.40695924592750016
vehicle,0.06615099259294452
